"","2000-12-31","2001-12-31","2002-12-31","2003-12-31","2004-12-31","2005-12-31","2006-12-31","2007-12-31","2008-12-31","2009-12-31","2010-12-31","2011-12-31","2012-12-31"
"Number of Shares Outstanding.EBIX","","","","2.3","2.3","2.9","2.7","2.8","10.2","9.9","34.4","36","36.4"
"3-Year Regression Beta.EBIX","1.05","1.15","","0","0","0","","","","","1.24","1.32","1.53"
"3-year Standard Deviation of Stock Price.EBIX","0.8545","1.2651","","0","0","0","","","","","0.4706","0.4566","0.4181"
"Book Debt to Capital Ratio.EBIX","0.25641025641026","-0.21739130434783","","0.06","0.014705882352941","0.29083665338645","0.12844036697248","0.31233595800525","0.37913223140496","0.42915309446254","0.2372654155496","0.13338328962158","0.1294"
"Book Value of Equity.EBIX","","","","","","","19","26.2","60.1","70.1","170.7","231.3","316.1"
"Book Value of Assets.EBIX","13.4","6.6","","10","12","31.3","28","47.4","108.5","141.2","262.2","303.3","411.2"
"Capital Expenditures.EBIX","0.9","0.1","","0.5","0.6","0.4","0.5","0.5","1.8","0.6","3.1","1.8","2.8"
"Cash.EBIX","7.1","3.1","","5","7.9","5.8","6.7","5","49.5","11","21","29.7","25.2"
"Cash as Percentage of Firm Value.EBIX","0.95945945945946","0.22627737226277","","0.23364485981308","0.19362745098039","0.095867768595041","0.083333333333333","0.020678246484698","0.2037037037037","0.019147084421236","0.02373149508419","0.036830357142857","0.0393"
"Cash as Percentage of Revenues.EBIX","0.78021978021978","0.26271186440678","","0.39370078740157","0.44886363636364","0.24576271186441","0.27800829875519","0.17064846416382","1.1565420560748","0.14705882352941","0.21494370522006","0.22465960665658","0.1491"
"Cash as Percentage of Total Assets.EBIX","","","","","","0.185303514377","0.23928571428571","0.10548523206751","0.45622119815668","0.077903682719547","0.080091533180778","0.097922848664688","0.0613"
"Change in Non-Cash Working Capital.EBIX","","0.8413","","0.9","-0.6667","0.108","0.2004","0.0362","-0.1682","-0.2997","0.8484","0.5065","-0.52"
"Correlation with the Market.EBIX","0.18431831480398","0.27270571496324","","0","","","","","","","0.58436039099022","0.60227770477442","0.8"
"Current PE Ratio.EBIX","","","","42.2","23.941176470588","24.181818181818","18.046511627907","38.316666666667","16.244094488189","19.113553113553","21.438144329897","13.064406779661","8.32"
"Depreciation.EBIX","0.7","1.6","","0.4","0.4","1.2","1.3","1.8","2.6","3.3","4","6","7.5"
"Dividend Yield.EBIX","0","0","","0","0","0","0","0","0","0","0","0","0.0122"
"Dividends.EBIX","0","0","","0","0","0","0","0","0","0","0","0","7.28"
"Earnings Before Interest and Taxes.EBIX","-18.4","-9.83884","","0.8","2.1283","2.394","4.7","6.7","12.8","29.3","39.2","52.5","69"
"EBIT for Previous Period.EBIX","-18.4","-9.8388","","0.6818","2.0126","2.2503","4.4007","6.0144","12.2831","27.886","38.2059","51.9414","66.82"
"Earnings Before Interest Taxes Depreciation and Amortization.EBIX","-17.7","-8.2388","","1.2","2.5283","3.594","6","8.5","15.4","32.6","43.2","58.5","76"
"Effective Tax Rate.EBIX","0","0","","0.14771","0.05439","0.06001","0.06369","0.10233","0.04038","0.04826","0.02536","0.01064","0.0288"
"Effective Tax Rate on Income.EBIX","","","","","","","","","","","0.025125628140704","0.011725293132328","0.0286"
"Enterprise Value.EBIX","0.3","10.6","","16.4","32.9","54.7","73.7","236.8","193.5","563.5","863.9","776.7","616.2"
"EV to Invested Capital Ratio.EBIX","","","","","","2.8341968911917","4.8807947019868","7.1540785498489","4.0909090909091","5.0402504472272","4.2598619329389","3.2744519392917","1.82"
"EV to Trailing Sales Ratio.EBIX","","","","","1.8693181818182","2.3177966101695","2.8129770992366","5.9348370927318","2.8967065868264","6.5069284064665","6.7281931464174","4.8513429106808","3.26"
"EV to EBIT Ratio.EBIX","","","","20.5","15.458201774169","22.848788638262","15.68085106383","35.34328358209","15.1171875","19.232081911263","22.038265306122","14.794285714286","8.96"
"EV to EBITDA Ratio.EBIX","","","","13.666666666667","13.012593342615","15.219810795771","12.283333333333","27.858823529412","12.564935064935","17.28527607362","19.997685185185","13.276923076923","8.08"
"EV To Sales Ratio.EBIX","0.032967032967033","0.89830508474576","","1.2913385826772","2.2847222222222","2.735","3.0580912863071","8.0819112627986","4.5210280373832","7.533422459893","8.842374616172","5.875189107413","3.65"
"Expected Growth in Earnings Per Share.EBIX","","","","","","","","","","","","0.2","0.2"
"Free Cash Flow to Firm.EBIX","-20.1776","-9.0909","","0.5818","2.4792","2.9423","5.0002","7.2782","13.2514","30.8857","38.2575","55.6349","72.04"
"Firm Value.EBIX","7.4","13.7","","21.4","40.8","60.5","80.4","241.8","243","574.5","884.9","806.4","641.4"
"Ratio of Fixed Assets to Total Assets.EBIX","0.15671641791045","0.13636363636364","","0.11","0.11666666666667","0.047923322683706","0.053571428571429","0.046413502109705","0.031336405529954","0.026912181303116","0.030129672006102","0.025717111770524","0.0214"
"Forward Earnings Per Share.EBIX","","","","","","","","","","2.97","1.44","1.63","1.76"
"Forward PE Ratio.EBIX","","","","","","","","","","16.441077441077","16.4375","13.558282208589","9.16"
"Growth in Earnings Per Share.EBIX","","","","","","","","","","0.65","0.64","0.605","0.575"
"Previous Year Growth in Revenues.EBIX","-0.5528","-0.1106","","-0.0185","0.1282","0.1018","0.2812","0.1679","0.228","0.7881","0.1325","0.2937","0.31"
"Hi-Lo Risk.EBIX","0.95","0.74045801526718","","0.65059399021663","0.34139680062427","0.41687657430731","0.42334414080593","0.51646811492642","0.38250428816466","0.59741328630218","0.63726059199071","0.39958496656675","0.2761"
"Institutional Holdings.EBIX","0.1298","0.0714","","0.0117","0.033","0.038","0.0927","0.2855","0.5348","0.6154","0.6853","0.8423","0.8214"
"Ratio of Intangible Assets to Total Assets.EBIX","","","","0","0","0.53993610223642","0.55357142857143","0.65400843881856","0.40276497695852","0.78116147308782","0.78947368421053","0.77052423343224","0.7979"
"Invested Capital.EBIX","-3.1","-5.9","","0","-1.1","19.3","15.1","33.1","47.3","111.8","202.8","237.2","337.9"
"Market Capitalization.EBIX","6.4","13.2","","21.1","40.7","53.2","77.6","229.9","206.3","521.8","831.8","770.8","594.4"
"Market Debt to Equity Ratio.EBIX","0.15625","0.037878787878788","","0.014218009478673","0.0024570024570025","0.13721804511278","0.036082474226804","0.051761635493693","0.1778962675715","0.10099655040245","0.063837460928108","0.046185781006746","0.0791"
"Market Debt to Capital Ratio.EBIX","0.13513513513514","0.036496350364964","","0.014018691588785","0.0024509803921569","0.12066115702479","0.034825870646766","0.049214226633581","0.15102880658436","0.091731940818103","0.060006780427167","0.044146825396825","0.0733"
"Net Income.EBIX","","-11.4","","0.5","1.7","2.2","4.3","6","12.7","27.3","38.8","59","71.4"
"Net Margin.EBIX","-1.7912087912088","-0.96610169491525","","0.039370078740158","0.11805555555556","0.11","0.17842323651452","0.20477815699659","0.29672897196262","0.36497326203209","0.3971340839304","0.44629349470499","0.4225"
"Non-Cash Working Capital.EBIX","","-6.8","","-1.7","-3","0.6","-2.3","-0.1","0.3","-1.9","2.7","2.4","-4.3"
"Non-Cash Working Capital as Percentage of Revenues.EBIX","-0.63736263736264","-0.57627118644068","","-0.13385826771654","-0.20833333333333","0.03","-0.095435684647303","-0.0034129692832764","0.0070093457943925","-0.025401069518717","0.027635619242579","0.018154311649017","-0.0254"
"Payout Ratio.EBIX","","","","0","0","0","0","0","0","0","0","0","0.1052"
"Price to Book Value Ratio.EBIX","2.2068965517241","","","4.4893617021277","6.0746268656716","2.9887640449438","4.0842105263158","8.7748091603053","3.432612312812","7.4436519258203","4.8728763913298","3.3324686554259","1.88"
"PE to Growth Ratio.EBIX","","","","","","","","","","","","0.65322033898305","0.42"
"Pre-Tax Operating Margin.EBIX","-2.021978021978","-0.8338","","0.062992125984252","0.1478","0.1197","0.19502074688797","0.22866894197952","0.29906542056075","0.39171122994652","0.40122824974411","0.39712556732224","0.4071"
"Price to Sales Ratio.EBIX","0.7032967032967","1.1186440677966","","1.6614173228347","2.8263888888889","2.66","3.2199170124481","7.8464163822526","4.8200934579439","6.975935828877","8.5138178096213","5.8305597579425","3.52"
"Reinvestment Amount.EBIX","","-0.7479","","0.1","-0.4667","-0.692","-0.5996","-1.2638","-0.9682","-2.9997","-0.0516","-3.6935","-5.22"
"Reinvestment Rate.EBIX","","","","0.14666369428246","-0.23187706707043","-0.30750962591783","-0.13624898787628","-0.2101331532758","-0.078825496930541","-0.10757134607348","-0.001350223537608","-0.071108878563004","-0.0781"
"Revenues.EBIX","","","","12.7","14.4","20","24.1","29.3","42.8","74.8","97.7","132.2","169"
"Return on Capital.EBIX","","","","","-1.8296006138182","0.11659772331606","0.2914342384106","0.18170359516616","0.25968575052854","0.2494273881932","0.18839195266272","0.21897723440135","0.1977"
"Return on Equity.EBIX","-5.6206896551724","","","0.1063829787234","0.25373134328358","0.12359550561798","0.22631578947368","0.22900763358779","0.21131447587354","0.38944365192582","0.22729935559461","0.25507998270644","0.2259"
"Sales General and Administration Expenses.EBIX","20.8","16.638","","8","8.5","10.9","12.2","14.8","20.3","28","33.2","44","59.1"
"Stock Price.EBIX","","0.95","","9.35","15.05","19.765","27.95","75.03","23.9","48.83","23.67","22.1","16.12"
"Total Debt.EBIX","","0.5","","0.3","0.1","7.3","2.8","11.9","36.7","52.7","53.1","35.6","47"
"Trading Volume.EBIX","","","","6505","1600","2405","5900","3061","40177","181056","579268","759972","503198"
"Trailing 12-month Revenues.EBIX","","11.8","","14","17.6","23.6","26.2","39.9","66.8","86.6","128.4","160.1","189.3"
"Trailing Net Income.EBIX","-16.3","-2.6","","1","2.6","3.5","5.2","9.9","23.9","34.6","55.2","69.9","69.2"
"Trailing PE Ratio.EBIX","","","","21.1","15.653846153846","15.2","14.923076923077","23.222222222222","8.6317991631799","15.080924855491","15.06884057971","11.027181688126","8.59"
"Trailing Revenues.EBIX","9.1","","","14","17.6","23.6","26.2","39.9","66.8","86.6","128.4","160.1","189.3"
"Value Line Beta.EBIX","","","","","0","1.95","1.5","1.3","1.3","1.05","1.1","1.1","1.1"
"EV to Book Value Ratio.EBIX","","","","","6","2.4103585657371","3.6880733944954","6.3464566929134","2.5103305785124","4.678338762215","3.9539767649687","3.0213563132259","1.77"
"Number of Shares Outstanding.WNC","","","","25.6","26.8","30.7","31.1","30.5","29.8","30","30.4","67.9","68.2"
"3-Year Regression Beta.WNC","1","1","1.05","2.01","1.81","2.11","1.06","1.58","1","1.53","2.33","2.88","3.36"
"3-year Standard Deviation of Stock Price.WNC","0.4659","0.5193","0.6541","0.797","0.7438","0.6725","0.2346","0.2776","0.4209","1.2946","1.5812","1.5866","1.0429"
"Book Debt to Capital Ratio.WNC","0.30677873195688","0.2823613086771","0.8041","0.86011904761905","0.91102204408818","0.43649435124957","0.31048985650668","0.31017369727047","0.27185223725286","0.35600335852225","0.38078703703704","0.3011917659805","0.323"
"Book Value of Equity.WNC","","","","","","","278.7","278","279.9","153.4","53.5","129","146.3"
"Book Value of Assets.WNC","791.3","781.6","692.5","565.6","397","432","548.7","556.5","483.6","332","223.8","302.8","388"
"Capital Expenditures.WNC","68.1","129.9","76.3","15.5","6.5","15.5","30.9","12.9","6.7","12.6","1","1.8","7.3"
"Cash.WNC","22.5","4.2","11.1","35.7","12.6","41.9","67.4","29.9","41.2","29.8","1.1","21.2","20"
"Cash as Percentage of Firm Value.WNC","0.056362725450902","0.0094233789544537","0.01654740608229","0.031875","0.013275734906754","0.057753273604411","0.11329635232812","0.084487143260808","0.18205921343349","0.21377331420373","0.0012388782520554","0.036843934654154","0.0286"
"Cash as Percentage of Revenues.WNC","0.01589656634167","0.0031526797778111","0.012856150104239","0.043557833089312","0.012942989214176","0.036111350512798","0.05553266869902","0.022786160646243","0.037369614512472","0.035637407318823","0.0032563647128478","0.033104309806371","0.0168"
"Cash as Percentage of Total Assets.WNC","","","","","","0.096990740740741","0.12283579369419","0.053728661275831","0.085194375516956","0.089759036144578","0.0049151027703307","0.07001321003963","0.0515"
"Change in Non-Cash Working Capital.WNC","","-3.1383","-17.5333","16.6","3.5478","8.026","-10.251","10.7929","22.8582","-20.0577","-15.6021","28.5291","13"
"Correlation with the Market.WNC","0.32195750160979","0.57770075101098","0.2809","0.5538","0.48668997042216","0.6275092936803","0.8","0.8","0.4751722499406","0.18538544724239","0.25297242600557","0.25998991554267","0.8"
"Current PE Ratio.WNC","5.9613402061856","8.1146788990826","","","","10.239726027397","4.2250225022502","11.798969072165","9.983606557377","","","","38.32"
"Depreciation.WNC","21.8","30.1","32.1","28.6","23.8","19.4","15.5","20.6","19.5","21.5","19.6","16.9","15.6"
"Dividend Yield.WNC","0.015840899265024","0.0051780667043527","0","0","0","0","0.011925862803579","0.023984272608126","0.044039408866995","0","0","0","0"
"Dividends.WNC","3.664","0.916","0","0","0","0","5.598","5.49","5.364","0","0","0","0"
"Earnings Before Interest and Taxes.WNC","102.7","90.18994","-169.3975","-36.878","43.2407","69.3017","80","38.3","26.4","-37.4714","-66.0813","-15.5","20"
"EBIT for Previous Period.WNC","61.6231","63.0752","-169.3975","-36.878","43.2407","68.3516","80","23.4722","15.8928","-37.4714","-66.0813","-15.5","19.8"
"Earnings Before Interest Taxes Depreciation and Amortization.WNC","83.4231","120.2899","-137.2975","-8.278","67.0407","88.7017","95.5","58.9","45.9","-15.9714","-46.4813","1.4","35"
"Effective Tax Rate.WNC","0.39997","0.30064","0","0","0","0.01371","0","0.38715","0.398","0","0","0","0"
"Effective Tax Rate on Income.WNC","","","","","","","","","","","","","0"
"Enterprise Value.WNC","376.7","441.5","659.7","1084.3","936.5","683.6","527.5","324","185.1","109.6","886.8","554.2","678.2"
"EV to Invested Capital Ratio.WNC","","","","","3.9531447868299","2.7322142286171","1.5662114014252","0.86839989279014","0.53933566433566","0.52591170825336","10.396248534584","3.3916768665851","3.46"
"EV to Trailing Sales Ratio.WNC","","","","","0.96199280945044","0.58915797638542","0.40614413304589","0.27024772708316","0.2143849895761","0.22686814324157","1.8314745972738","0.5097967068347","0.49"
"EV to EBIT Ratio.WNC","3.667964946446","4.8952244562975","","","21.657821225497","9.864113040773","6.59375","8.4595300261097","7.0113636363636","","","","34.25"
"EV to EBITDA Ratio.WNC","4.5155368932011","3.6702986135","","","13.969119966325","7.7067276711207","5.5235602094241","5.5008488964346","4.0326797385621","","","395.85714285714","19.16"
"EV To Sales Ratio.WNC","0.26614384626254","0.33140669569134","0.7640722724114","1.322962420693","1.0547358936817","0.65661319757948","0.43462140561918","0.24691358024691","0.16789115646259","0.13106912221956","2.6252220248668","0.86539662710806","0.57"
"Expected Growth in Earnings Per Share.WNC","0.225","0.25","0.15","","","0.14","0.0128","-0.08","-0.15","","","",""
"Expected Growth in Revenues.WNC","","","","","","","","0.06","-0.01","-0.08","-0.035","0.075","0.165"
"Free Cash Flow to Firm.WNC","20.977","-13.091","-196.0642","-23.778","56.9929","64.2255","74.851","20.3792","5.8346","-8.5137","-31.8791","-28.9291","15.1"
"Firm Value.WNC","399.2","445.7","670.8","1120","949.1","725.5","594.9","353.9","226.3","139.4","887.9","575.4","698.2"
"Ratio of Fixed Assets to Total Assets.WNC","0.23556173385568","0.34403787103378","0.40375451263538","0.43582036775106","0.3823677581864","0.31875","0.25369054127939","0.23468104222821","0.25248138957816","0.36746987951807","0.48614834673816","0.32628797886394","0.249"
"Forward Earnings Per Share.WNC","","","","","1.84","","0.16","0.64","-0.44","","0.28","0.77","1.37"
"Forward PE Ratio.WNC","9.9823008849557","","","","14.222826086957","","94.375","11.375","","","42.321428571429","10.181818181818","6.55"
"Growth in Earnings Per Share.WNC","","","","","","","-0.005","","","","","",""
"Previous Year Growth in Revenues.WNC","0.1275","-0.0848","-0.3539","-0.1482","0.0349","0.0238","0.1534","0.1024","-0.1418","-0.2462","-0.6006","-0.1524","-0.2"
"Hi-Lo Risk.WNC","0.42574257425743","0.35674300254453","0.54777070063694","0.71673819742489","0.17238763512232","0.24688057040998","0.27549194991055","0.435","0.56387959866221","0.82046678635548","0.76390773405699","0.51466359976998","0.343"
"Insider Holdings.WNC","","","0","","","","","0.026","0.04","0.038","0.468","0.022","0.021"
"Institutional Holdings.WNC","0.6934","0.7742","0.8568","","0","0","","","0.9725","0.6248","0.9845","0.9641","0.9552"
"Ratio of Intangible Assets to Total Assets.WNC","","","0.063249097472924","0.061350777934936","0.090680100755668","0.078009259259259","0.063969382176052","0.18454627133872","0.20430107526882","0.087650602409639","0.11617515638963","0.075627476882431","0.051"
"Invested Capital.WNC","524.8","601.2","531.867","385.1","236.9","250.2","336.8","373.1","343.2","208.4","85.3","163.4","196.1"
"Market Capitalization.WNC","231.3","176.9","228.2","773.2","721.8","598","469.4","228.9","121.8","54.6","855","519.8","628.4"
"Market Debt to Equity Ratio.WNC","0.72589710332901","1.3465234595817","1.8054338299737","0.44852560786342","0.31490717650319","0.21321070234114","0.26736259054112","0.54608999563128","0.85796387520525","1.5531135531136","0.038479532163743","0.10696421700654","0.1111"
"Market Debt to Capital Ratio.WNC","0.42059118236473","0.57383762948687","0.61419200954085","0.30964285714286","0.23949004319882","0.17574086836664","0.2109598251807","0.35320712065555","0.46177640300486","0.60832137733142","0.037053722266021","0.096628432394856","0.1"
"Net Income.WNC","","21.8","-232.2","-56.2","-37.4","58.4","111.1","19.4","12.2","-58.1","-68.2","-34.7","16.4"
"Net Margin.WNC","0.02324431256182","0.016363909322924","-0.26893676164003","-0.068570034163006","-0.042121860569884","0.056094515416386","0.0915382714015","0.01478433165676","0.011065759637188","-0.069480985410189","-0.20189461219657","-0.05418488444722","0.0138"
"Non-Cash Working Capital.WNC","","278.7","182.405","75.2","36.8","70.1","146.2","125","105.4","47.5","-36","40.9","77"
"Non-Cash Working Capital as Percentage of Revenues.WNC","0.14822664971033","0.20920282239904","0.21126360898772","0.091752074182528","0.041446108796036","0.067332628950149","0.12045810332043","0.09525986892242","0.095600907029478","0.056804592202822","-0.10657193605684","0.063866333541536","0.0649"
"Payout Ratio.WNC","0.094432989690722","0.042018348623853","","","","0","0.05038703870387","0.28298969072165","0.43967213114754","","","","0"
"Price to Book Value Ratio.WNC","0.60964681075382","0.48175381263617","2.2729083665339","13.709219858156","32.513513513514","3.63304981774","1.6842482956584","0.82338129496403","0.43515541264737","0.35593220338983","15.981308411215","4.0294573643411","4.3"
"PE to Growth Ratio.WNC","0.26494845360825","32.45871559633","","","","0.73140900195695","3.300798829883","","","","","",""
"Pre-Tax Operating Margin.WNC","0.072558993923979","0.047346672","-0.19619817002548","-0.044995070766227","0.0487","0.066565863029488","0.065914146823762","0.02918762383783","0.023945578231293","-0.044811552260225","-0.19562249851983","-0.02420362273579","0.0167"
"Price to Sales Ratio.WNC","0.16341670199237","0.13278786968924","0.26430391475562","0.94338701805759","0.81292938393963","0.57439246950341","0.38675125648842","0.17443987197074","0.11047619047619","0.065295383879455","2.5310834813499","0.81168019987508","0.53"
"Reinvestment Amount.WNC","","76.1662","26.6667","-13.1","-13.7522","4.126","5.149","3.0929","10.0582","-28.9577","-34.2021","13.4291","4.7"
"Reinvestment Rate.WNC","0.75134185517274","1.2075458500165","","","-0.31803841163318","0.060365079502637","0.064362692592898","0.13177073638574","0.63287632580466","","","","0.2376"
"Revenues.WNC","","","","819.6","887.9","1041.1","1213.7","1312.2","1102.5","836.2","337.8","640.4","1187.2"
"Return on Capital.WNC","0.11742202934451","0.10491556293812","-0.3184959773778","-0.095762035834848","0.18252735331363","0.27318782341647","0.2375296912114","0.062911163227017","0.046307692307692","-0.17980527831094","-0.77469261430246","-0.094859241126071","0.101"
"Return on Equity.WNC","0.086715867158672","0.059368191721133","-2.3127490039841","-0.99645390070922","-1.6846846846847","0.35479951397327","0.39863652673125","0.06978417266187","0.043586995355484","-0.37874837027379","-1.2747663551402","-0.26899224806202","0.1121"
"Sales General and Administration Expenses.WNC","50.8","55.8192","82.3","77.4","57.7","56.6","54.5","66.2","65.3","58.4","43.2","43.5","46.9"
"Stock Price.WNC","","7.67","8.5","29.54","26.17","19.02","15.1","7.28","4.5","1.89","11.85","7.84","8.97"
"Total Debt.WNC","","238.2","412","346.8","227.3","127.5","125.5","125","104.5","84.8","32.9","55.6","69.8"
"Trading Volume.WNC","","","30500","369358","110400","160000","217300","319900","127932","573798","1667293","1233215","1221852"
"Trailing 12-month Revenues.WNC","","1332.2","863.4","874.1","973.5","1160.3","1298.8","1198.9","863.4","483.1","484.2","1087.1","1387.7"
"Trailing Net Income.WNC","32.9","-73.2","-179.5","-27.1","16.2","104.5","34","15.7","-11","-156.8","-158.4","9.8","51.8"
"Trailing PE Ratio.WNC","7.0303951367781","","","","44.555555555556","5.7224880382775","13.805882352941","14.579617834395","","","","53.040816326531","12.13"
"Trailing Revenues.WNC","1415.4","971.5","780.4","874.1","973.5","1160.3","1298.8","1198.9","863.4","483.1","484.2","1087.1","1387.7"
"Value Line Beta.WNC","","","1.15","1.2","1.25","1.3","1.35","1.4","1.25","1.5","1.6","1.65","1.75"
"EV to Book Value Ratio.WNC","0.72939886716609","0.73620746613809","1.2612175600291","2.8156323032978","3.8040080160321","2.4837384457378","1.4717961405245","0.87816377171216","0.58870967741935","0.58522250209908","10.27662037037","3.1170097508126","3.23"
"Number of Shares Outstanding.MERU","","","","","","","","","","","0.4","16.3","17.7"
"Book Debt to Capital Ratio.MERU","","","","","","","","","","","","0.053130929791271","0"
"Book Value of Equity.MERU","","","","","","","","","","","-11.3","49.9","32.5"
"Book Value of Assets.MERU","","","","","","","","","","","38.4","84.4","66.8"
"Capital Expenditures.MERU","","","","","","","","","","","0.2","0.7","1.4"
"Cash.MERU","","","","","","","","","","","21.3","67.3","40.3"
"Cash as Percentage of Firm Value.MERU","","","","","","","","","","","0.085956416464891","1.019696969697","0.8704"
"Cash as Percentage of Revenues.MERU","","","","","","","","","","","0.30647482014388","0.79176470588235","0.4453"
"Cash as Percentage of Total Assets.MERU","","","","","","","","","","","0.5546875","0.79739336492891","0.6033"
"Change in Non-Cash Working Capital.MERU","","","","","","","","","","","-7.0935","-0.6802","-0.27"
"Depreciation.MERU","","","","","","","","","","","0.6","0.6","0.7"
"Dividend Yield.MERU","","","","","","","","","","","0","0","0"
"Dividends.MERU","","","","","","","","","","","0","0","0"
"Earnings Before Interest and Taxes.MERU","","","","","","","","","","","-0.9753","-1.7687","-1"
"EBIT for Previous Period.MERU","","","","","","","","","","","-0.9753","-1.7687","-0.7"
"Earnings Before Interest Taxes Depreciation and Amortization.MERU","","","","","","","","","","","-0.3753","-1.1687","0"
"Effective Tax Rate.MERU","","","","","","","","","","","0","0","0"
"Enterprise Value.MERU","","","","","","","","","","","226.5","-1.3","6"
"EV to Trailing Sales Ratio.MERU","","","","","","","","","","","2.1884057971015","-0.014460511679644","0.06"
"EV To Sales Ratio.MERU","","","","","","","","","","","3.2589928057554","-0.015294117647059","0.07"
"Expected Growth in Earnings Per Share.MERU","","","","","","","","","","","0.2125","0.2833","0.3"
"Free Cash Flow to Firm.MERU","","","","","","","","","","","6.5182","-1.1885","-1.13"
"Firm Value.MERU","","","","","","","","","","","247.8","66","46.3"
"Ratio of Fixed Assets to Total Assets.MERU","","","","","","","","","","","0.018229166666667","0.009478672985782","0.0225"
"Hi-Lo Risk.MERU","","","","","","","","","","","0.31518530665792","0.79271892423746","0.5854"
"Institutional Holdings.MERU","","","","","","","","","","","0.4851","0.6914","0.2781"
"Ratio of Intangible Assets to Total Assets.MERU","","","","","","","","","","","0","0","0.0359"
"Invested Capital.MERU","","","","","","","","","","","-18.4","-14.6","-7.8"
"Market Capitalization.MERU","","","","","","","","","","","233.6","63.2","46.3"
"Market Debt to Equity Ratio.MERU","","","","","","","","","","","0.060787671232877","0.044303797468354","0"
"Market Debt to Capital Ratio.MERU","","","","","","","","","","","0.057304277643261","0.042424242424242","0"
"Net Income.MERU","","","","","","","","","","","-17.4","-36.6","-22"
"Net Margin.MERU","","","","","","","","","","","-0.25035971223022","-0.43058823529412","-0.2431"
"Non-Cash Working Capital.MERU","","","","","","","","","","","-14.5","-11.8","-9.4"
"Non-Cash Working Capital as Percentage of Revenues.MERU","","","","","","","","","","","-0.20863309352518","-0.13882352941177","-0.1039"
"Price to Book Value Ratio.MERU","","","","","","","","","","","","1.2665330661323","1.42"
"Pre-Tax Operating Margin.MERU","","","","","","","","","","","-0.01403309352518","-0.020808235294118","-0.0077"
"Price to Sales Ratio.MERU","","","","","","","","","","","3.3611510791367","0.74352941176471","0.51"
"Reinvestment Amount.MERU","","","","","","","","","","","-7.4935","-0.5802","0.43"
"Revenues.MERU","","","","","","","","","","","69.5","85","90.5"
"Return on Equity.MERU","","","","","","","","","","","","-0.73346693386774","-0.6769"
"Sales General and Administration Expenses.MERU","","","","","","","","","","","42.6","56.3","76.4"
"Stock Price.MERU","","","","","","","","","","","15.42","4.13","2.65"
"Total Debt.MERU","","","","","","","","","","","14.2","2.8","0"
"Trading Volume.MERU","","","","","","","","","","","100925","172607","131795"
"Trailing 12-month Revenues.MERU","","","","","","","","","","","103.5","89.9","93.1"
"Trailing Net Income.MERU","","","","","","","","","","","-43.7","-19.5","-35"
"Trailing Revenues.MERU","","","","","","","","","","","103.5","89.9","93.1"
"Value Line Beta.MERU","","","","","","","","","","","","","1.05"
"Number of Shares Outstanding.PKX","","","","327","355.9","348.7","320.3","310.4","302.2","306.3","306.3","306.6","308.1"
"3-Year Regression Beta.PKX","1","1.05","","0","0","1.14","2.4","1.66","1.66","1.85","1.67","1.75","1.32"
"3-year Standard Deviation of Stock Price.PKX","0.6124","0.5598","","0","0","0.3236","0.3082","0.2972","0.3736","0.4961","0.487","0.4515","0.2859"
"Book Debt to Capital Ratio.PKX","0.38277374513046","0.28563168997578","0.3727","0.31012953587691","0.26550026830254","0.20324131162393","0.14370913396658","0.17149687005572","0.1937684354706","0.33047755321052","0.33047755321052","0.27546870295865","0.3482"
"Book Value of Equity.PKX","","","","","","","19670.2","24087.9","26840.9","22459.8","22459.8","26472.2","32664.3"
"Book Value of Assets.PKX","17380","16588.1","14773.3","16081","17379.1","23310.8","27235","33493.6","38763.4","37211.8","37211.8","43089.9","59659.3"
"Capital Expenditures.PKX","1031.9","690","1138.9","1423.6","1086.9","2188.3","3327.3","3988.6","3090.7","3243.5","3243.5","324.6","5176.9"
"Cash.PKX","1900.5","1794.8","1036.7","1456.8","495.9","1089.1","4077","4270","4619.6","4402.5","4402.5","6866.4","5956.4"
"Cash as Percentage of Firm Value.PKX","0.14261272821413","0.14268565114042","0.068134020347538","0.095831387279054","0.024589066567497","0.050962060381455","0.13626336898396","0.082172273112155","0.16250690362365","0.087371819933675","0.10044352575598","0.19134830552637","0.1405"
"Cash as Percentage of Revenues.PKX","","0.16506791991244","0.10378312360473","0.12039072442689","","","0.15655840315805","0.15366676983093","0.13677086232317","0.13310013725715","0.13310013725715","0.2175341441547","0.2058"
"Cash as Percentage of Total Assets.PKX","","","","","","0.046720833261836","0.149697080962","0.12748704230062","0.11917427263862","0.11830924599186","0.11830924599186","0.15935056707024","0.0998"
"Change in Non-Cash Working Capital.PKX","","115.4569","0","-1207.1","-3927.9","-6274.3","","","","","","",""
"Correlation with the Market.PKX","0.24493794905291","0.56270096463023","","0","","0.70457354758962","0.54510058403634","0.8","0.70663811563169","0.48377343277565","0.74435318275154","0.77519379844961","0.8"
"Current PE Ratio.PKX","5.5910125142207","5.5257009345794","16.362845604225","11.779133086474","9.6753682193749","4.7037097343211","6.7019487386072","13.182708497025","5.5914815662927","11.401769654772","9.4993907745866","9.2979581547769","6.73"
"Depreciation.PKX","1192.5","931.6","957.4","1225","1312.2","1513.9","1596.6","1916.9","2272.6","1885.3","1885.3","2186.3","2591"
"Dividend Yield.PKX","0","0.017449471458774","0.0295","0.0063491623210918","0.0099818511796733","0.015169902912621","0","0","0","0.0203","0.0187","0.0267","0.0272"
"Dividends.PKX","0","123.804","310.7648","68.67","156.596","261.525","0","0","0","797.8286","612.3203","689.3807","677.82"
"Earnings Before Interest and Taxes.PKX","2991.1","2762.85471","2165.8345","1728","4043.0376","5139.9967","6023","4719.5","5257.4","5684.6","5684.6","3313","5039"
"EBIT for Previous Period.PKX","2066.5809","1951.128","1543.6336","1271.4106","2968.3173","3695.4006","4396.1275","3703.958","3889.9502","4067.5586","4067.5586","2920.4426","3987.97"
"Earnings Before Interest Taxes Depreciation and Amortization.PKX","3259.0809","3694.4547","3123.2345","2953","5355.2376","6653.8967","7619.6","6636.4","7530","7569.9","7569.9","5499.3","7630"
"Effective Tax Rate.PKX","0.30909","0.2938","0.28728","0.26423","0.26582","0.28105","0.27011","0.21518","0.2601","0.28446","0.28446","0.11849","0.2085"
"Effective Tax Rate on Income.PKX","","","","","","","","","","","0.28635017908532","0.12897964304758","0.2098"
"Enterprise Value.PKX","11425.8","10783.9","14178.9","13744.9","19671.6","20281.7","25843","47694","23807.5","45985.6","39428.1","29017.9","36424.9"
"EV to Invested Capital Ratio.PKX","","","","","1.3474621549421","1.0799972310085","1.3677597595055","1.9228350266086","0.83033391229135","1.5779024482303","1.3528951567245","0.9780017930207","0.82"
"EV to EBIT Ratio.PKX","3.8199324663167","3.9031730336627","6.5466220987799","7.954224537037","4.8655496055738","3.9458585414314","4.2907189108418","10.105731539358","4.5283790466771","8.0895049783626","6.935949758998","8.7587986718986","7.23"
"EV to EBITDA Ratio.PKX","3.5058350335808","2.9189422652308","4.5398128126466","4.6545546901456","3.6733384154608","3.048093594323","3.3916478555305","7.1867277439576","3.1616865869854","6.0747962324469","5.2085364403757","5.2766533922499","4.77"
"EV To Sales Ratio.PKX","","0.99179626785369","1.4194371865333","1.1358858238434","1.3214832728738","0.87571728964901","0.99238136198515","1.7163894426971","0.70486022702376","1.3902759050205","1.1920239686062","0.91931493091967","1.26"
"Expected Growth in Earnings Per Share.PKX","0.135","0.02","0.08","0.105","0.145","0.085","0.01","0.05","0.06","0.03","0.105","0.095","0.075"
"Expected Growth in Revenues.PKX","","","","0.04","0.065","0.05","0.015","0.02","0.015","0.01","0.09","0.07","0.075"
"Free Cash Flow to Firm.PKX","3770.6809","2015.7901","1362.1336","1072.8106","7121.5173","9295.3006","","","","","2709.3587","4782.1426","1402.07"
"Firm Value.PKX","13326.3","12578.7","15215.6","15201.7","20167.5","21370.8","29920","51964","28427.1","50388.1","43830.6","35884.3","42381.3"
"Ratio of Fixed Assets to Total Assets.PKX","0.54986191024166","0.5388621963938","0.54628282103525","0.54121012374852","0.47406942822125","0.43268785284074","0.44612447218653","0.47009876513722","0.42954694376654","0.38476504764618","0.38476504764618","0.50684267078828","0.3782"
"Forward Earnings Per Share.PKX","","","","","","","","","","8.22","13.43","13.34","10.47"
"Forward PE Ratio.PKX","","15.346666666667","","","","","","","","15.948905109489","8.0186150409531","6.1544227886057","7.85"
"Growth in Earnings Per Share.PKX","","","0.07","","0.15","0.215","0.185","0.295","0.335","0.29","0.29","0.125","0.025"
"Previous Year Growth in Revenues.PKX","-0.0281","0.1521","-0.2006","0.387","0.1302","0.5876","0.2242","0.1013","0.2485","-0.0339","-0.0339","-0.0468","0.1"
"Hi-Lo Risk.PKX","0.50446428571429","0.29442282749676","0.20299596696754","0.28590864917395","0.28026402640264","0.16688594271835","0.27578292737099","0.45515094476218","0.59192207659748","0.52335644516423","0.23029718593846","0.25218867724306","0.1438"
"Insider Holdings.PKX","","","0","","","","","","0.01","0.01","0.01","","0.01"
"Institutional Holdings.PKX","0.1866","0.1309","0.1615","0.1354","0.1788","0.1865","0.1347","0.0857","0.072","0.1202","0.1016","0.0763","0.0829"
"Ratio of Intangible Assets to Total Assets.PKX","","","0","0.024886512032834","0.022849284485388","0.020569864612111","0.016493482651001","0.017884013662312","0.015733913949757","0.015411777984403","0.015411777984403","0.01252033539182","0.0465"
"Invested Capital.PKX","12371.9","11920","11524.4844","12686","14599","18779.4","18894.4","24804","28672.2","29143.5","29143.5","29670.6","44158.2"
"Market Capitalization.PKX","7863.2","7095","10534.4","10815.6","16159.8","17332.7","26618.8","46977.9","21976.2","39301.9","32744.4","25819.5","24931"
"Market Debt to Equity Ratio.PKX","0.69476803337064","0.77289640591966","0.4443727217497","0.40553459817301","0.248004306984","0.23297582027036","0.12401761161284","0.10613714108123","0.29354028448958","0.28207796569631","0.3385678161762","0.38981390034664","0.6999"
"Market Debt to Capital Ratio.PKX","0.40994874796455","0.43595125092418","0.30765793001919","0.2885269410658","0.19872071402008","0.18895408688491","0.11033422459893","0.095952967438996","0.2269278259126","0.22001623399176","0.25293288250674","0.28047920678402","0.4117"
"Net Income.PKX","","1284","643.8","918.2","1670.2","3684.9","3971.8","3563.6","3930.3","3447","3447","2776.9","3703.3"
"Net Margin.PKX","","0.11808959726297","0.064450250773343","0.075880534849512","0.11219938196964","0.15910553063242","0.1525186817913","0.12824517587108","0.1163630011665","0.10421264579794","0.10421264579794","0.087974857990096","0.128"
"Non-Cash Working Capital.PKX","","1163.3","1441.6539","1444","3927.9","6274.3","3805.7","5478.8","6599.9","10084.9","10084.9","5878.7","10971.7"
"Non-Cash Working Capital as Percentage of Revenues.PKX","","0.10698880723989","0.1443227017449","0.11933292564005","0.26386537686417","0.27090988380879","0.14614037647746","0.19716850083131","0.19540090359484","0.30489530362855","0.30489530362855","0.18624285990363","0.3792"
"Payout Ratio.PKX","0","0.096420560747664","0.48270394532464","0.074787627967763","0.093758831277691","0.070972075225922","0","0","0","0.23145592399188","0.17763860748477","0.24825548273254",""
"Price to Book Value Ratio.PKX","0.8926021363786","0.8619747056894","1.3368358269565","1.1085305482387","1.4575185799841","1.0948996866788","1.3532551778833","1.9502696374528","0.81875794030752","1.7498775590166","1.4579114684904","0.97534394572419","0.76"
"PE to Growth Ratio.PKX","0.41414907512746","276.28504672897","2.0453557005281","1.1218221987118","0.66726677374999","0.55337761580249","6.7019487386072","2.6365416994051","0.93191359438211","3.8005898849241","0.90470388329396","0.97873243734494","0.9"
"Pre-Tax Operating Margin.PKX","","0.17944542","0.15453179614179","0.142802836223","0.2716","0.22193327014996","0.23128556836422","0.16984316632718","0.1556539812057","0.17186167864895","0.17186167864895","0.10495902067816","0.1741"
"Price to Sales Ratio.PKX","","0.6525277979601","1.0545895025578","0.89380691866519","1.0855703345425","0.74838623322006","1.0221723870452","1.6906187696582","0.65064157602099","1.1882085825024","0.98995664608817","0.81798654826436","0.86"
"Reinvestment Amount.PKX","","-64.6621","181.5","198.6","-4153.2","-5599.9","","","","","1358.2","-1861.7","2585.9"
"Reinvestment Rate.PKX","-0.077712902467204","-0.033140865246088","0.11757971848637","0.15620446002902","-1.3991765424815","-1.5153701944239","","","","","0.33391036381173","-0.63747186158558","0.6484"
"Revenues.PKX","","","","12100.6","14886","23160.1","26041.4","27787.4","33776.2","33076.6","33076.6","31564.7","28936"
"Return on Capital.PKX","0.16703828037731","0.1636852345807","0.1339438287443","0.10022154816333","0.203323333459","0.19677948438361","0.23266827578542","0.1493290594259","0.1356697518851","0.13957001334774","0.13957001334774","0.098428836289121","0.0903"
"Return on Equity.PKX","0","0.15599373109305","0.081699470818898","0.094109688726721","0.15064218197561","0.23277365069739","0.20191965511281","0.14794149759838","0.14642951614886","0.15347420725029","0.15347420725029","0.10489872394436","0.1134"
"Sales General and Administration Expenses.PKX","595.4","566.4885","650.2","815","900","1249.1","1436.9","1673.6","1907.7","1589.8","1589.8","1669.6","2931.7"
"Stock Price.PKX","","23.02","27.81","32.64","44.08","49.44","82.67","142.48","75.25","131.1","107.69","82.1","82.15"
"Total Debt.PKX","","5483.7","4681.2","4386.1","4007.7","4038.1","3301.2","4986.1","6450.9","11086.2","11086.2","10064.8","17450.3"
"Trading Volume.PKX","","","264400","364698","155400","268900","327300","889986","434901","551965","351833","334459","108479"
"Trailing 12-month Revenues.PKX","","10873.1","9989.1","0","","","","","","","","",""
"Trailing Net Income.PKX","0","","0","","0","0","","","","","","",""
"Trailing Revenues.PKX","0","","0","0","0","0","","","","","","",""
"Value Line Beta.PKX","","","0.9","1","0.95","1.05","1.05","1.5","1.65","1.5","1.45","1.4","1.3"
"EV to Book Value Ratio.PKX","0.93371121885597","0.91716248140695","1.3202846628002","1.0834699668926","1.3360472742449","1.0756121498855","1.3024891822005","1.7873013689207","0.8538769306556","1.5020598581053","1.3065820067966","0.98213591701563","0.85"
"Number of Shares Outstanding.AAPL","","","","366.7","366.7","835","835","872.3","888.3","899.8","916","929.3","939.2"
"3-Year Regression Beta.AAPL","0.9","1","1.79","1.35","1.34","0.98","2.05","1.88","1.9","1.45","1.35","0.82","0.93"
"3-year Standard Deviation of Stock Price.AAPL","0.6904","0.7241","0.6719","0.51","0.4086","0.3881","0.392","0.3594","0.4561","0.4442","0.4266","0.2534","0.2472"
"Book Debt to Capital Ratio.AAPL","0.069268067420919","0.063734862970045","0.0716","0.067152639717252","0.067152639717252","0","0","0","0","0","0","0","0"
"Book Value of Equity.AAPL","","","","","","","7466","14532","21030","27832","47791","76615","118210"
"Book Value of Assets.AAPL","6803","6803","6298","6815","6815","11551","11551","25347","39572","53851","75183","116371","176064"
"Capital Expenditures.AAPL","107","107","174","164","164","260","260","735","1091","1144","2005","4260","8295"
"Cash.AAPL","4027","4027","4337","4566","4566","8261","8261","15386","24490","23464","25620","25952","29129"
"Cash as Percentage of Firm Value.AAPL","0.68682630645381","0.5092504773828","0.78914807671313","0.60284390224581","0.18245316795601","0.13447301424004","0.12029332875128","0.088824384504631","0.32418579592312","0.12902899413035","0.08602026344629","0.070071737669472","0.0602"
"Cash as Percentage of Revenues.AAPL","0.50444694976826","0.50444694976826","0.75531173807036","0.73562107298212","0.55151588356082","0.59299404206446","0.59299404206446","0.64092310255769","0.75402567813048","0.64219831951173","0.39279417401303","0.23974355421297","0.1861"
"Cash as Percentage of Total Assets.AAPL","","","","","","0.71517617522292","0.71517617522292","0.60701463684065","0.61887192964723","0.43572078512934","0.34076852479949","0.22301088759227","0.1654"
"Change in Non-Cash Working Capital.AAPL","","-124.1581","0","-9","-244.3538","0","558.7693","0","0","0","0","0","0"
"Correlation with the Market.AAPL","0.19553881807648","0.41430741610275","0.466","0.5815","0.65589818893784","0.50502447822726","0.42857142857143","0.48970506399555","0.40342030256523","0.39621791985592","0.61533052039381","0.8","0.8"
"Current PE Ratio.AAPL","9.1050736497545","12.326841243862","44.271794871795","95.659210526316","325.28421052632","48.989154704944","54.763795853269","49.547540045767","15.627451386016","31.881241234222","21.254320987654","14.287605123061","11.59"
"Depreciation.AAPL","84","84","118","113","113","179","179","317","473","703","1027","1814","3277"
"Dividend Yield.AAPL","0","0","0","0","0","0","0","0","0","0","0","0","0.0206"
"Dividends.AAPL","0","0","0","0","0","0","0","0","0","0","0","0","9955.52"
"Earnings Before Interest and Taxes.AAPL","704","704.1006","163.9915","25","137.7954","1650.1403","1650","4409","6275","7658","18385","33790","55241"
"EBIT for Previous Period.AAPL","522.6566","522.7313","121.4373","18.4465","101.6737","1140.0984","1140.0015","3077.8347","4399.3398","5471.1049","13895.9346","25607.4136","41342.36"
"Earnings Before Interest Taxes Depreciation and Amortization.AAPL","606.6566","788.1006","281.9915","138","250.7954","1829.1403","1829","4726","6748","8361","19412","35604","58518"
"Effective Tax Rate.AAPL","0.25759","0.25759","0.25949","0.26214","0.26214","0.30909","0.30909","0.30192","0.29891","0.28557","0.24417","0.24216","0.2516"
"Effective Tax Rate on Income.AAPL","","","","","","","","","","","0.24417475728155","0.24215757930127","0.2516"
"Enterprise Value.AAPL","1836.2","3880.7","1158.8","3008.1","20459.6","53171.4","60412.8","157832.2","51053.1","158386.6","272216.8","344411.3","454619.5"
"EV to Invested Capital Ratio.AAPL","","","","","","","","","","36.260668498168","12.278056921203","6.7980834139313","5.1"
"EV to Trailing Sales Ratio.AAPL","","","","","2.4712646454886","3.8167683583375","3.1272802567554","6.5746979921686","1.5718802918809","4.334964556477","4.1735040245305","3.1816580291735","2.9"
"EV to EBIT Ratio.AAPL","2.6082386363636","5.5115703636668","7.0662198955434","120.324","148.47810594548","32.222351032818","36.613818181818","35.797731911998","8.1359521912351","20.682501958736","14.806461789502","10.19269902338","8.23"
"EV to EBITDA Ratio.AAPL","3.0267533212857","4.9241175555506","4.1093437213533","21.797826086957","81.578848734865","29.069065943165","33.030508474576","33.396572154042","7.5656639004149","18.94349958139","14.023119719761","9.6733878215931","7.77"
"EV To Sales Ratio.AAPL","0.23001377928097","0.48612050607541","0.20181121560432","0.4846302561624","3.2962139519897","3.8167683583375","4.3365731103295","6.5746979921686","1.5718802918809","4.334964556477","4.1735040245305","3.1816580291735","2.9"
"Expected Growth in Earnings Per Share.AAPL","0.075","0.05","0.115","0.135","0.635","0.54","0.36","0.31","0.255","0.165","0.345","0.33","0.225"
"Expected Growth in Revenues.AAPL","","","","0.06","0.12","0.22","0.25","0.225","0.22","0.15","0.215","0.255","0.195"
"Free Cash Flow to Firm.AAPL","499.6566","631.329","65.4373","-32.5535","295.0275","1059.0984","500.2322","2659.8347","3781.3398","5030.1049","12917.9346","23161.4136","36324.36"
"Firm Value.AAPL","5863.2","7907.7","5495.8","7574.1","25025.6","61432.4","68673.8","173218.2","75543.1","181850.6","297836.8","370363.3","483748.5"
"Ratio of Fixed Assets to Total Assets.AAPL","0.046009113626341","0.046009113626341","0.098602731025723","0.098165810711665","0.098165810711665","0.070729806943122","0.070729806943122","0.072276798043161","0.062038815323966","0.054855063044326","0.063418591968929","0.066829364704265","0.0878"
"Forward Earnings Per Share.AAPL","","","0.25","0.35","0.9","1.7","2.6","4.35","6","6.85","18.5","32.5","50"
"Forward PE Ratio.AAPL","","","57.04","58.314285714286","70.022222222222","42.288235294118","32.630769230769","41.390804597701","14.225","30.763503649635","17.435675675676","12.461538461539","10.64"
"Growth in Earnings Per Share.AAPL","","","","","","-0.01","-0.01","0.54","","0.905","0.905","0.645","0.625"
"Previous Year Growth in Revenues.AAPL","0.2469","0.2469","0.0467","0.0581","0.0581","0.5776","0.5776","0.2185","0.3286","0.1106","0.7537","0.6358","0.395"
"Hi-Lo Risk.AAPL","0.69317554862464","0.30517957047464","0.32405767771313","0.32575335930667","0.56653906777753","0.4172888200216","0.30002302555837","0.44716091167681","0.43892236795463","0.46465856580524","0.26389506877406","0.15762344004341","0.2755"
"Insider Holdings.AAPL","0.01","0.01","0.014","0.02","0.034","0.011","0.02","0.01","0.01","0.01","0.01","0.01","0.01"
"Institutional Holdings.AAPL","0.5709","0.5054","0.5971","0.6421","0.6966","0.6742","0.8468","0.6797","0.6661","0.7172","0.6984","0.6864","0.6505"
"Ratio of Intangible Assets to Total Assets.AAPL","","","0.018894887265799","0.015994130594277","0.015994130594277","0.0083109687472946","0.0083109687472946","0.013295459028682","0.012433033458001","0","0","0","0"
"Invested Capital.AAPL","380","380","74","-39","-39","-795","-795","-854","-3460","4368","22171","50663","89081"
"Market Capitalization.AAPL","5563.2","7531.7","5179.8","7270.1","24721.6","61432.4","68673.8","173218.2","75543.1","181850.6","297836.8","370363.3","483748.5"
"Market Debt to Equity Ratio.AAPL","0.053925798101812","0.039831644914163","0.061006216456234","0.041815105706937","0.012296938709469","0","0","0","0","0","0","0","0"
"Market Debt to Capital Ratio.AAPL","0.051166598444535","0.038305859519644","0.057498453364387","0.040136781927886","0.012147560897641","0","0","0","0","0","0","0","0"
"Net Income.AAPL","","611","117","76","76","1254","1254","3496","4834","5704","14013","25922","41733"
"Net Margin.AAPL","0.076537642490292","0.076537642490292","0.020376175548589","0.012244240373771","0.012244240373771","0.090015074294738","0.090015074294738","0.14563025910189","0.14883463160812","0.15611571831294","0.21484093522422","0.23946641539414","0.2667"
"Non-Cash Working Capital.AAPL","","-533","-607","-732","-732","-1445","-1445","-2729","-3892","-6481","-4664","-8934","-10018"
"Non-Cash Working Capital as Percentage of Revenues.AAPL","-0.066766879619191","-0.066766879619191","-0.10571229536747","-0.11793136781054","-0.11793136781054","-0.10372550427105","-0.10372550427105","-0.11367991335499","-0.11983127559346","-0.17738183211539","-0.071506324262169","-0.082531940248871","-0.064"
"Payout Ratio.AAPL","0","0","0","0","0","0","0","0","0","0","0","0","0.2386"
"Price to Book Value Ratio.AAPL","1.3801041925081","1.8338690041393","1.2649084249084","1.7215486620886","5.8540374141606","8.2282882400214","9.1982051968926","11.919777043765","3.5921588207323","6.5338674906582","6.2320687995648","4.8340834040331","4.09"
"PE to Growth Ratio.AAPL","1.2140098199673","246.53682487725","3.8497212931996","7.0858674463938","5.1225859925404","0.90720656861008","1.5212165514797","1.5983077434118","0.61284123082415","1.9321964384377","0.61606727500447","0.43295773100186","0.52"
"Pre-Tax Operating Margin.AAPL","0.08818739822122","0.065480562","0.021148963020724","0.004027710649267","0.0222","0.11845095829445","0.11844088722992","0.1836624177289","0.19320176113797","0.20959575225114","0.28187044844768","0.31215068961376","0.353"
"Price to Sales Ratio.AAPL","0.69688087185269","0.94346736815733","0.90208986415883","1.1712743676494","3.9828580634767","4.409762400402","4.9295671523939","7.2156210947263","2.3259059700114","4.9771628759887","4.5662981985435","3.4214015833865","3.09"
"Reinvestment Amount.AAPL","","-108.5977","56","51","-193.3538","81","639.7693","418","618","441","978","2446","5018"
"Reinvestment Rate.AAPL","0.04400594623652","-0.20775051064635","0.46114314911397","2.7647521209986","-1.9017087779453","0.071046496983598","0.56120039448031","0.13580976174055","0.14047562477983","0.080605289943497","0.070380296948074","0.095519213232843","0.1214"
"Revenues.AAPL","","","","6207","6207","13931","13931","24006","32479","36537","65225","108249","156508"
"Return on Capital.AAPL","1.3754122105263","1.3756087538053","1.6410452116892","","-2.6070183036923","-1.4340860813497","","","","1.2525423397436","0.62676174056199","0.50544605728046","0.4641"
"Return on Equity.AAPL","0.15157529149095","0.14877039201364","0.028571428571429","0.017996684821217","0.017996684821217","0.16796142512724","0.16796142512724","0.24057252958987","0.22986210175939","0.20494394941075","0.29321420351112","0.338341055929","0.353"
"Sales General and Administration Expenses.AAPL","1546","1545.5088","1557","1683","1683","2393","2393","3745","4870","5482","7299","10028","13421"
"Stock Price.AAPL","","23.05","14.26","20.41","63.02","71.89","84.84","180.05","85.35","210.73","322.56","405","532.17"
"Total Debt.AAPL","","300","316","304","304","0","0","0","0","0","0","0","0"
"Trading Volume.AAPL","","","2653300","2831844","7146288","21887039","38159497","51796652","21421441","19751846","17772237","17247279","23401862"
"Trailing 12-month Revenues.AAPL","","7983","5742","6207","8279","13931","19318","24006","32479","36537","65225","108249","156508"
"Trailing Net Income.AAPL","611","10","117","76","0","1254","1993","3496","4834","5704","14013","25922","41733"
"Trailing PE Ratio.AAPL","9.1050736497545","753.17","44.271794871795","95.659210526316","","48.989154704944","34.45750125439","49.547540045767","15.627451386016","31.881241234222","21.254320987654","14.287605123061","11.59"
"Trailing Revenues.AAPL","7983","5783","5742","6207","8279","13931","19318","24006","32479","36537","65225","108249","156508"
"Value Line Beta.AAPL","","","1","0.95","0.95","1.05","1.05","1.1","1.15","1.1","1.05","1.05","1"
"EV to Book Value Ratio.AAPL","1.3304288631722","1.7943498978897","74.267567567568","","5.5280759885134","8.2282882400214","","","","6.5338674906582","6.2320687995648","4.8340834040331","4.09"
